News,Link,Image,Time
Adani Enterprises AGM Live Updates: Gautam Adani To Address Shareholders,https://news.google.com./articles/CBMiaGh0dHBzOi8vd3d3LmJxcHJpbWUuY29tL2J1c2luZXNzL2FkYW5pLWVudGVycHJpc2VzLWFnbS1saXZlLXVwZGF0ZXMtZ2F1dGFtLWFkYW5pLXRvLWFkZHJlc3Mtc2hhcmVob2xkZXJz0gEA?hl=en-IN&gl=IN&ceid=IN%3Aen,https://lh3.googleusercontent.com/proxy/YwFRedwnYerZu5CPI6QK-GrTd6bWYjN1CBp-3llhjGAw7N8uElg2-ChNfvsdZHkOf6cVPa7oVwxUEfjW8DcPm9iDyq_Twxif5Wk46pekwo7nXR67ZXmWfdQ4S-4WNPYY0PCjscBvXzMLawq46Bgbg8jZkkuKFXPI6ZFDqvDFgBAUuX24_LYiiV5n9bJHfzodlM9XsDAF-CJcsZLJhc-ZKVlJ-wzaxHkBD4OiacffqCw95xqwzAb-SRMm=s0-w280-h168-dcATGCbDEG,1 hour ago
Top Role Likely For Sonia Gandhi In Opposition Front Against BJP: Sources,https://news.google.com./articles/CBMibWh0dHBzOi8vd3d3Lm5kdHYuY29tL2luZGlhLW5ld3MvdW5pdGVkLXdlLXN0YW5kLW9wcG9zaXRpb25zLW1lc3NhZ2UtYWdhaW5zdC1oYXRlLXBvbGl0aWNzLWF0LWtleS1tZWV0LTQyMTY1MTbSAQA?hl=en-IN&gl=IN&ceid=IN%3Aen,https://lh3.googleusercontent.com/proxy/JeI8tx0Dm9Vhf4xi9JewHpkttPrDDVMvKhMAxpafIbKcOuCjai27ys6jFk2WQDZJxrzzQtHCeqIHCP0IRTnKGHMVovtenLuHL06ADEGgKmUuml4Q-CsbgTTXBfK3IOytiMhHxoskTdoyMZBUQ4wcwL59FE5jKquV-aocYDvj6FT6PDIe9XWL=s0-w280-h168-dcBWOQUaVosQsC,4 hours ago
Former Kerala Chief Minister Oommen Chandy passes away,https://news.google.com./articles/CBMicGh0dHBzOi8vaW5kaWFuZXhwcmVzcy5jb20vYXJ0aWNsZS9pbmRpYS9vb21tZW4tY2hhbmR5LWRlYWQtY29uZ3Jlc3MtZm9ybWVyLWtlcmFsYS1jaGllZi1taW5pc3Rlci1vb21tZW4tODg0NTAwNS_SAXVodHRwczovL2luZGlhbmV4cHJlc3MuY29tL2FydGljbGUvaW5kaWEvb29tbWVuLWNoYW5keS1kZWFkLWNvbmdyZXNzLWZvcm1lci1rZXJhbGEtY2hpZWYtbWluaXN0ZXItb29tbWVuLTg4NDUwMDUvbGl0ZS8?hl=en-IN&gl=IN&ceid=IN%3Aen,https://lh3.googleusercontent.com/proxy/g2V_q-6WUaMxzWym7Droi26AQJWZ9ujoNEAoKTtUPbuqh1xe0lLOB2NIEGGCfDDb7X7WIjGh523cAv5lS10_a5beLsSSCTHA2BXt10J5BvPzPpqgTyI=s0-w280-h168-dcpVSUj6UH,2 hours ago
"NDA meeting in Delhi LIVE updates: Opposition mantra is ‘of, by and for family’, says PM Modi | Mint",https://news.google.com./articles/CBMiqAFodHRwczovL3d3dy5saXZlbWludC5jb20vbmV3cy9pbmRpYS9uZGEtbWVldGluZy1saXZlLXVwZGF0ZXMtYmpwLXBtLW1vZGktYW1pdC1zaGFoLWNoaXJhZy1wYXN3YW4tYWppdC1wYXdhci1tZWV0aW5nLWluLWRlbGhpLW5kYS0zOC12cy1vcHBvc2l0aW9uLTI2LTExNjg5NjQ5NzQ2MzY2Lmh0bWzSAawBaHR0cHM6Ly93d3cubGl2ZW1pbnQuY29tL25ld3MvaW5kaWEvbmRhLW1lZXRpbmctbGl2ZS11cGRhdGVzLWJqcC1wbS1tb2RpLWFtaXQtc2hhaC1jaGlyYWctcGFzd2FuLWFqaXQtcGF3YXItbWVldGluZy1pbi1kZWxoaS1uZGEtMzgtdnMtb3Bwb3NpdGlvbi0yNi9hbXAtMTE2ODk2NDk3NDYzNjYuaHRtbA?hl=en-IN&gl=IN&ceid=IN%3Aen,https://lh3.googleusercontent.com/proxy/B5alnQPIJsT1lMQNDjsJL6Wy9OvyF4fG2FSYWf8-_LnNSP2ccZoXLwoEFGiHy3YqAHdZY6F4-YnPdgC2q8-FHbSc408SI1UR3KBKyTj3hNeiXNTx2fW_FS4GWnlW-ay8zDykPx6ez3RnfpjCLQDZzh0dVFdkJ75qcF1sVSjYxAcMreRj=s0-w280-h168-dcDVOQFJ2psW8B,12 minutes ago
LIVE: Opposition Unity Meet In Bengaluru | Congress wants 'Rahul Gandhi for PM | Latest Updates,https://news.google.com./articles/CCAiC1lTa1UxZ05FOEh3mAEB?hl=en-IN&gl=IN&ceid=IN%3Aen,https://lh3.googleusercontent.com/proxy/VjHH_4gZA6cR9WAqmxxTivPuDRyMWasfFNih1lSafs8L-jt_18aabES-vnBbVoCgLfy8qXavSCy8Nige4R3DSSY12fPVnEjZ5afdGlcNCg=s0-w280-h168-p-df,2 hours ago
PM Modi to inaugurate new terminal building at Port Blair airport on July 18,https://news.google.com./articles/CBMiswFodHRwczovL3d3dy5oaW5kdXN0YW50aW1lcy5jb20vaW5kaWEtbmV3cy9wbS1uYXJlbmRyYS1tb2RpLXRvLWluYXVndXJhdGUtbmV3LWludGVncmF0ZWQtdGVybWluYWwtYnVpbGRpbmctYXQtdmVlci1zYXZhcmthci1pbnRlcm5hdGlvbmFsLWFpcnBvcnQtaW4tcG9ydC1ibGFpci0xMDE2ODk1ODI4NDI2MTkuaHRtbNIBtwFodHRwczovL3d3dy5oaW5kdXN0YW50aW1lcy5jb20vaW5kaWEtbmV3cy9wbS1uYXJlbmRyYS1tb2RpLXRvLWluYXVndXJhdGUtbmV3LWludGVncmF0ZWQtdGVybWluYWwtYnVpbGRpbmctYXQtdmVlci1zYXZhcmthci1pbnRlcm5hdGlvbmFsLWFpcnBvcnQtaW4tcG9ydC1ibGFpci0xMDE2ODk1ODI4NDI2MTktYW1wLmh0bWw?hl=en-IN&gl=IN&ceid=IN%3Aen,https://lh3.googleusercontent.com/proxy/xWBtECnSr4fZYWywP9MvJXbbdqueOTl_NoWLah3RThS1CV5Ys4yOm8p7XVynTdj-s-XItLYH24GPVFWd4RsQ9Pyd34yhNNV1ylgm-I_aaLggVv9QiARkg3Vy0M64Op5pjiTQUGkBYCcPphsRpimDNLn2Q5O9TI8ldehiwGCRftejokohcE4ldBm5FRlfWXjNB4jLRUsdzQuEN1S6SfY=s0-w280-h168-dcAcCIKMAE,21 hours ago
"Weather Today LIVE | Mumbai local trains 'running late' after rainfall, Yamuna water touch walls of Taj Mahal",https://news.google.com./articles/CBMinQFodHRwczovL3d3dy5jbmJjdHYxOC5jb20vZW52aXJvbm1lbnQvd2VhdGhlci11cGRhdGUtdG9kYXktbGl2ZS1kZWxoaS1mbG9vZC1pbWQtaXNzdWVkLWFsZXJ0LW11bWJhaS11cC11dHRhcmFraGFuZC1oYXJ5YW5hLWhpbWFjaGFsLXByYWRlc2gtcmFpbnMtMTcyNDcyNTEuaHRt0gEA?hl=en-IN&gl=IN&ceid=IN%3Aen,https://lh3.googleusercontent.com/proxy/TeklWFaL88BgC39nzWi3m9ID5_SNvVUaihssBjTMjWBOZwbcLt42LwqirRuLEll744o9onk9zhCEl2FNp8YkpG1WMiYTAIryit69Nanmou5dQy3cRSVVklSMbohBqgG7gE_sjqCQpYoKAAHyiIyTSesicpgRDLybCOJSVUOtMe0UAFDqqOyS=s0-w280-h168-dcgVCIKaII,1 hour ago
Supreme Court: May refer Delhi govt plea against Centre’s ordinance to 5-judge Bench,https://news.google.com./articles/CBMiXmh0dHBzOi8vd3d3LnRoZXF1aW50LmNvbS9uZXdzL2NyaW1lL3NlZW1hLWhhaWRlci1zYWNoaW4tbWVlbmEtdXAtYXRzLWludGVycm9nYXRpb24tbGF0ZXN0LW5ld3PSAWhodHRwczovL3d3dy50aGVxdWludC5jb20vYW1wL3N0b3J5L25ld3MvY3JpbWUvc2VlbWEtaGFpZGVyLXNhY2hpbi1tZWVuYS11cC1hdHMtaW50ZXJyb2dhdGlvbi1sYXRlc3QtbmV3cw?hl=en-IN&gl=IN&ceid=IN%3Aen,https://lh3.googleusercontent.com/proxy/rmEwC8QnX_OeT31Ds4AZ0ee1WYetyWYyNUxD5k7s-_hBBIyL2ROtimA2sdQCPhqf_LDSJfjnoALxk4-Tslt8v3mS-wK6CUdFNDO9Sr6KbBy3ekgHLaqfUNdfWDGH4A9IdNM2e8kp6y14OmvEM_qEM8TOefrLTD1ES1tQAza9Tu7uEdL6khVf40qPcHKZBBSbIC7parle49bUrELuBuLYLup4oeUt3rge-gIdDgrGFe-LVtnRvC_hy9vstY5ZDw=s0-w200-h112-dcmXOWaa0H,14 hours ago
On Rahul Gandhi’s conviction,https://news.google.com./articles/CCAiC09tbzZhMHJwdXNjmAEB?hl=en-IN&gl=IN&ceid=IN%3Aen,https://lh3.googleusercontent.com/proxy/FXxMSxb3tuhNs8vyAz9WQEfI9gx0IvSDDcrqNc7pii9iFO6vMVpRCo7Gny67ajtJlZNbBytEPI2l4FsvAihWmlCcTevThCb7i793InZ9Q3bxYuj22Oncf6SSCiYCnR4644zzSeyA0q5j=s0-w280-h168-dciVKADSIJ,18 hours ago
"Mumbai: IMD predicts heavy to very heavy rainfall in the city today, issues orange alert for tomorrow | Mint",https://news.google.com./articles/CBMinwFodHRwczovL3d3dy5oaW5kdXN0YW50aW1lcy5jb20vaW5kaWEtbmV3cy9zdXByZW1lLWNvdXJ0LXRvLWhlYXItcmFodWwtZ2FuZGhpcy1wbGVhLWNoYWxsZW5naW5nLWd1amFyYXQtaGMtb3JkZXItb24tbW9kaS1zdXJuYW1lLWNhc2UtdG9kYXktMTAxNjg5NjE1OTMxMDI4Lmh0bWzSAaMBaHR0cHM6Ly93d3cuaGluZHVzdGFudGltZXMuY29tL2luZGlhLW5ld3Mvc3VwcmVtZS1jb3VydC10by1oZWFyLXJhaHVsLWdhbmRoaXMtcGxlYS1jaGFsbGVuZ2luZy1ndWphcmF0LWhjLW9yZGVyLW9uLW1vZGktc3VybmFtZS1jYXNlLXRvZGF5LTEwMTY4OTYxNTkzMTAyOC1hbXAuaHRtbA?hl=en-IN&gl=IN&ceid=IN%3Aen,https://lh3.googleusercontent.com/proxy/mg7Q_ttfwSue5iHrY0UFef3LhzEqqLmbnz7gkho9NzFHiJEZn-iVq6_hzvcK8lWA-p72_u5Ccg2cfAsokZXy2nJDe1BDDrghgfDxXhV5YHOIDd8HIDf80WcM7mlWelBZDy6sj7WK4cuCOvZ0FlIdlbSvTi_P2jyWdQ8-jq5DfkixeNFsA5CB=s0-w280-h168-dcAVCEkFAj2PQA,11 hours ago
"Why Uniting Chirag Paswan, His Uncle Is Key To BJP's Bihar Plan For 2024",https://news.google.com./articles/CBMiX2h0dHBzOi8vd3d3LmxpdmVtaW50LmNvbS9uZXdzL2luZGlhL2ltZC1pc3N1ZXMtb3JhbmdlLWFsZXJ0LWZvci1tYWhhcmFzaHRyYS0xMTY4OTYyNDgyMzExMS5odG1s0gFjaHR0cHM6Ly93d3cubGl2ZW1pbnQuY29tL25ld3MvaW5kaWEvaW1kLWlzc3Vlcy1vcmFuZ2UtYWxlcnQtZm9yLW1haGFyYXNodHJhL2FtcC0xMTY4OTYyNDgyMzExMS5odG1s?hl=en-IN&gl=IN&ceid=IN%3Aen,https://lh3.googleusercontent.com/proxy/pn4Wd1qwrKZGTO5lWCcb5fWv1l2GSJ9osaRG2MvE8KcpxxMb6eR9K5XMd-TfPWW31Eb-fkt_8O0sQ4PCD2qLdMQiW-HnbbTBD1tfTJiHbN-ruVgg98KIO04UvaVU0l5ZJp6HuFE5sJh8peNOCOJM3CDvj79azzfsUeHslpLCsg=s0-w280-h168-dcASCaOKBniokC,10 hours ago
City to receive ‘very heavy’ rains on July 19: IMD,https://news.google.com./articles/CCAiC2Q5V3NzUGlkVFFnmAEB?hl=en-IN&gl=IN&ceid=IN%3Aen,https://lh3.googleusercontent.com/proxy/KUWTnmJ_90p2UYE_BuC8-Xgn40mvQl8amdJD_kEltLzFmlFQ5d_xUYsv_w8ws4ybArN4VaobUMTXQWd2PFAZWScHBmwt8fO1b3js8x_BSWKxfZaqiOLWd9oC5nhZ03F_lP_3CKNDCI3hcisyMBHBT9HUs4ZoEmuTEvDDcmCHl-Mk_ttufyYC2X-A-z4dIUZIHNdv3NH8=s0-w280-h168-dcAVAU,2 hours ago
"Pakistan's former science minister mocks Chandrayaan-3, says no need to go to great lengths for Moon sight",https://news.google.com./articles/CBMiYmh0dHBzOi8vaW5kaWFuZXhwcmVzcy5jb20vYXJ0aWNsZS9jaXRpZXMvcHVuZS9kaXNydXB0ZWQtbW9uc29vbi1zaHJpbmtzLXdhdGVyLWxldmVscy1kYW1zLTg4NDIzNDcv0gFnaHR0cHM6Ly9pbmRpYW5leHByZXNzLmNvbS9hcnRpY2xlL2NpdGllcy9wdW5lL2Rpc3J1cHRlZC1tb25zb29uLXNocmlua3Mtd2F0ZXItbGV2ZWxzLWRhbXMtODg0MjM0Ny9saXRlLw?hl=en-IN&gl=IN&ceid=IN%3Aen,https://lh3.googleusercontent.com/proxy/wNZFlAJWorrQsXNQ2lSSY4uxx9uzw1k2zX0EcBNiIDtAr3KjAKDYNCEK9ibvY0wuCW3C9wiXSXTUTR29O8RctlCDAJTKnq6vpmKVZ4SxUhO5KsinIvMM1eFHOwUSKVSMJyK1OtLHJHMkjikFlUQMCCk34xo8ycGHFPGXSU6PNYD2G4tjMh17cimYudsHoWbzu1iGpIyJSnP1Exdalvc=s0-w280-h168-dcwRCalRQK,2 days ago
"Fresh Rain Causes Landslides In Uttarakhand, Ganga Breaches Danger Mark",https://news.google.com./articles/CCAiC3g1cm04c1M4S3QwmAEB?hl=en-IN&gl=IN&ceid=IN%3Aen,https://lh3.googleusercontent.com/proxy/-tgsAbTyNKrcmYR3tuO3n1F9s7ZV_BCv-mltpbMtigol0b5fPm2bqzBRsp-clwWcNc9i8EEe18D27IrBOEfv159b7ICLiumQOHh7lx25JvIYPfpWDNjPVz8pXS2Im4KopYt5o-9NCLkutTe9hz7M-s7hSoNXDHSZ-WCo10K0qg-mAwL_UWaVHJheo64aXg=s0-w280-h168-dcOVOQMiUI,20 hours ago
"What drowned Delhi: we check out negligence, politics, an 'orphaned' Yamuna barrage, climate change",https://news.google.com./articles/CBMiiwFodHRwczovL3RpbWVzb2ZpbmRpYS5pbmRpYXRpbWVzLmNvbS9jaXR5L2RlaHJhZHVuLzgtZ2F0ZXMtb2YtYmhpbWdvZGEtYmFycmFnZS10by1iZS1yZXBsYWNlZC1hZnRlci1wYXJ0aWFsLWRhbWFnZS9hcnRpY2xlc2hvdy8xMDE4NDEwNzYuY21z0gGGAWh0dHBzOi8vbS50aW1lc29maW5kaWEuY29tL2NpdHkvZGVocmFkdW4vOC1nYXRlcy1vZi1iaGltZ29kYS1iYXJyYWdlLXRvLWJlLXJlcGxhY2VkLWFmdGVyLXBhcnRpYWwtZGFtYWdlL2FtcF9hcnRpY2xlc2hvdy8xMDE4NDEwNzYuY21z?hl=en-IN&gl=IN&ceid=IN%3Aen,https://lh3.googleusercontent.com/proxy/8NZe7qVKiNZAdaRDpmxKeL6Fx1-PzZ2I4E8P2OrkKU7K5-qPo5FggFVkxWuUMOUNQYM47y7xE_bQNiKnozDOuBveNWmD4-GAp9VNN4a9_dCsN-4HRrvLaa9S-WjUadvDHV9273dMPwmKAxm56TA5myLbiJieztoz0-dUe3hSicwzCGwhM3bBTQ=s0-w280-h168-dcAXCQD7Em0K0B,4 hours ago
We want to make it easier for Indians to be able to travel into UAE or elsewhere: UAE envoy,https://news.google.com./articles/CBMicWh0dHBzOi8vd3d3Lm5kdHYuY29tL3ZpZGVvL25ld3MvbGVmdC1yaWdodC1jZW50cmUvZGVsaGktZmxvb2RzLXVyYmFuLXBsYW5uZXItb24td2hhdC1sZWQtdG8tZGVsaGktZmxvb2RpbmctNzExODQ40gEA?hl=en-IN&gl=IN&ceid=IN%3Aen,https://lh3.googleusercontent.com/proxy/_msZyLERtfcH056upZ-gEHqc97KamCPowhO9gAdlQ69kp9-k5gn4Fcsxjr-vhG6WS5ulUa2l4MnTxKh4hzxi0kL8S9f4AFHH4MqQDvdo3A=s0-w280-h168-p-df,Yesterday
Niti Aayog report claims decrease in multidimensional poverty,https://news.google.com./articles/CBMiamh0dHBzOi8vd3d3LnRoZXF1aW50LmNvbS9vcGluaW9uL21vZGktaW4tdWFlLWluLW5ldy1lcmEtb2YtYmlsYXRlcmFsLXRyYWRlLWEtZmlybS1mb3JlaWduLXBvbGljeS1jYXBzLXRpZXPSAXRodHRwczovL3d3dy50aGVxdWludC5jb20vYW1wL3N0b3J5L29waW5pb24vbW9kaS1pbi11YWUtaW4tbmV3LWVyYS1vZi1iaWxhdGVyYWwtdHJhZGUtYS1maXJtLWZvcmVpZ24tcG9saWN5LWNhcHMtdGllcw?hl=en-IN&gl=IN&ceid=IN%3Aen,https://lh3.googleusercontent.com/proxy/4wiTgc0BjH5N3OubmECLoPskKAImGn1kQdknAYd7t8bjmd0Gn-SHY2ee_OQdDaG8BPzpFZy7V9R35jcHKF8FhgH_SsJJ4mQUu10vUQTqXNtxQFFDiMitkIy_Kgovklw77CSIkjzmUKAOym33XEbT9YKSEHACwgalyAJqutPZPWdHbVapdlG550zzH648dbyFzf-4JDSJGBvP8fdlkhb3HZLB=s0-w280-h168-dcqaWIzTkG,3 hours ago
Authorities Say Recent Cheetah Deaths Due to 'Natural Causes'; MP Chief Wildlife Warden Transferred,https://news.google.com./articles/CBMiiAFodHRwczovL3d3dy5saXZlbWludC5jb20vbmV3cy9pbmRpYS8xMy01LWNyLWluZGlhbnMtb3V0LW9mLW11bHRpZGltZW5zaW9uYWwtcG92ZXJ0eS1kdXJpbmctZnkxNi0yMS1uaXRpLWFheW9nLXJlcG9ydC0xMTY4OTYwOTUxNzI2MC5odG1s0gGMAWh0dHBzOi8vd3d3LmxpdmVtaW50LmNvbS9uZXdzL2luZGlhLzEzLTUtY3ItaW5kaWFucy1vdXQtb2YtbXVsdGlkaW1lbnNpb25hbC1wb3ZlcnR5LWR1cmluZy1meTE2LTIxLW5pdGktYWF5b2ctcmVwb3J0L2FtcC0xMTY4OTYwOTUxNzI2MC5odG1s?hl=en-IN&gl=IN&ceid=IN%3Aen,https://lh3.googleusercontent.com/proxy/yFiG5DaGGdIXJOtPxIS6Vuae2k_6j3dAO9sm7nOPYEZP8IABUKsXgKci6Vcsel3DORqm1B9ueH8DXqLepSIOVOLT6AziGmB4CCI9CsnwA_zC4CzfIVvaC1Lh7sCV6vnDbzDEnXjwlxHyd5FfZ7nfZWQYqb1ijbirofuDfwa9lkWUvw491OYh4r0tmvo=s0-w280-h168-dcAYCQQ7AH,14 hours ago
"Upset at being left out, more NCP MLAs from Ajit camp meet Sharad Pawar",https://news.google.com./articles/CBMiY2h0dHBzOi8vd3d3LmRlY2NhbmNocm9uaWNsZS5jb20vb3Bpbmlvbi9kYy1jb21tZW50LzE3MDcyMy9kYy1lZGl0LXRha2UtY2FyZS1vZi1pbmRpYXMtY2hlZXRhaHMuaHRtbNIBAA?hl=en-IN&gl=IN&ceid=IN%3Aen,https://lh3.googleusercontent.com/proxy/VZyB7asr38cMmIPoXSOoFJGEHy4yPSadf465eWjJym63yJIub7cyZwZCac-8WgyL1lhxEaqrwy6OOBsvCa9wfrDSMOLQh8MsHsoSJb12TzdBQBVxbVVo0t2fu0zD0CxV3tEhT80lDdd9YNtFZQmTCNYnWJBnuLMguWkmHaAVklpHLd_Slh259LzKOH0JLLUJzDBy=s0-w280-h168-dcITMQ,12 hours ago
"He had cut all ties with her, says aunt of Bengaluru student set ablaze over affair with cousin",https://news.google.com./articles/CBMiggFodHRwczovL3d3dy5taWQtZGF5LmNvbS9uZXdzL29waW5pb24vYXJ0aWNsZS9tYWhhcmFzaHRyYS1wb2xpdGljcy1haml0LXBhd2Fycy1yZWdyZXQtcmFwcHJvY2htZW50LWEtZ29vZ2x5LW9yLWEtd2lkZS1iYWxsLTIzMjk4MzA40gGGAWh0dHBzOi8vd3d3Lm1pZC1kYXkuY29tL2FtcC9uZXdzL29waW5pb24vYXJ0aWNsZS9tYWhhcmFzaHRyYS1wb2xpdGljcy1haml0LXBhd2Fycy1yZWdyZXQtcmFwcHJvY2htZW50LWEtZ29vZ2x5LW9yLWEtd2lkZS1iYWxsLTIzMjk4MzA4?hl=en-IN&gl=IN&ceid=IN%3Aen,https://lh3.googleusercontent.com/proxy/2kyljn6o44lew54ltSJ6CpC7fbWj_YLxaQbvdFRom3KVwLlXvkK-3GnbJQUbJtYJy_cRHzKOKocd7etrOMUwvhwxG_SYtbz0j-msiRPRbaxFe2rXJbVnG2kfUmdL-1EhZrAeTAmDevY=s0-w280-h168-dcAUCUGagmsKcC,Yesterday
Encounter breaks out in Surankote Poonch,https://news.google.com./articles/CBMimQFodHRwczovL2luZGlhbmV4cHJlc3MuY29tL2FydGljbGUvY2l0aWVzL2JhbmdhbG9yZS9iZW5nYWx1cnUtZW5naW5lZXJpbmctc3R1ZGVudC1zZXQtb24tZmlyZS1ieS11bmNsZXMtZ2FuZy1mb3ItbG92aW5nLXJlbGF0aXZlLWJhdHRsZXMtZm9yLWxpZmUtODg0MzI0NC_SAZ4BaHR0cHM6Ly9pbmRpYW5leHByZXNzLmNvbS9hcnRpY2xlL2NpdGllcy9iYW5nYWxvcmUvYmVuZ2FsdXJ1LWVuZ2luZWVyaW5nLXN0dWRlbnQtc2V0LW9uLWZpcmUtYnktdW5jbGVzLWdhbmctZm9yLWxvdmluZy1yZWxhdGl2ZS1iYXR0bGVzLWZvci1saWZlLTg4NDMyNDQvbGl0ZS8?hl=en-IN&gl=IN&ceid=IN%3Aen,https://lh3.googleusercontent.com/proxy/sUbDaNXTlFoWg28hUof2Hip2n37oua1ALSDn8mOyuk4GqXwScsLDf5rHUWA7WI3tNg5LVTYx1Xa6QFndZthlnu8ccxD0aLi2ZienBj2GH8rnNWUyCtM6oC0kEJd98m7NKsFRZoXh93QL4SPBivlrCNzfS4rjVoIgrj-hW0nyTt34bzOiZqf2h9KxqReojF6IYFjVYR456YitIX77ElQ04VT3yKYvAQO_LnLNzDM7Yy_BUfmAKQpCfZa4NPv6pj6uzULBnyYaE0TR_aHo5OxRpA79KjocRnPezHt-vy3ov4y1UEEjJB4S3o4IFyI8l4OQwkwcXpI=s0-w280-h168-dciUCEZUJkPWjZIEU,Yesterday
"After PM Modi's visit, US returns 105 trafficked antiques to India",https://news.google.com./articles/CBMiYmh0dHBzOi8vd3d3LmdyZWF0ZXJrYXNobWlyLmNvbS9waXItcGFuamFsL3R3by1pbmZpbHRyYXRvcnMta2lsbGVkLWluLW9uZ29pbmctcG9vbmNoLW9wZXJhdGlvbi1hcm150gFsaHR0cHM6Ly93d3cuZ3JlYXRlcmthc2htaXIuY29tL2FtcC9zdG9yeS9waXItcGFuamFsL3R3by1pbmZpbHRyYXRvcnMta2lsbGVkLWluLW9uZ29pbmctcG9vbmNoLW9wZXJhdGlvbi1hcm15?hl=en-IN&gl=IN&ceid=IN%3Aen,https://lh3.googleusercontent.com/proxy/GCdBV4mGwdpT72-8vcS6suBwDhNCvMfS5oNty2wNPrsK6LwLDqWmWyfF5OJkyXHlVGPK1lRMmRdDVgXWbaZHcy8SJ-ZbleJ1P24gCon_Wwmkx6GAyrUKyKiFXMsqO9P0zYD3YNICf5X-rdJkgI7MXoFvLs3y_FrBHV5NBvIvXMuu2SHZvnzW5gLVULugiH1kYPQiTFAdsQxINo7y-U2t1Ujd17Z8cKd6hHrVLAtn=s0-w280-h168-dcIVWMzLEF,Yesterday
Will go back to GST Council to review 28% levy on online real-money gaming: Rajeev Chandrasekhar,https://news.google.com./articles/CBMiYWh0dHBzOi8vd3d3LnRoZWhpbmR1LmNvbS9uZXdzL25hdGlvbmFsL3VzLWhhbmRzLW92ZXItMTA1LWFudGlxdWl0aWVzLXRvLWluZGlhL2FydGljbGU2NzA5MTU4NS5lY2XSAWZodHRwczovL3d3dy50aGVoaW5kdS5jb20vbmV3cy9uYXRpb25hbC91cy1oYW5kcy1vdmVyLTEwNS1hbnRpcXVpdGllcy10by1pbmRpYS9hcnRpY2xlNjcwOTE1ODUuZWNlL2FtcC8?hl=en-IN&gl=IN&ceid=IN%3Aen,https://lh3.googleusercontent.com/proxy/wxpsKqSsN99FU43-QJtErgRh0rwgNwyY8x2VnrPeX1nMiq1EJwFXu8My09Jgy5_fr1oJrXvzGva5ZYOM-wFNfF6TdeJh81lTBdqED_2X9rrNg3kJKrpbeRBz7x3SJCUlAJzMrdd0S9BRCJkVMmTnDdT7sa-8G5Avi6gHSoimYeK65Q=s0-w280-h168-dcgTGQTp0K,8 hours ago
"As Russia pulls out of Black Sea grain deal, what it means for Ukraine & the rest of the world",https://news.google.com./articles/CBMiY2h0dHBzOi8vd3d3LmRlY2NhbmhlcmFsZC5jb20vb3Bpbmlvbi9vbmxpbmUtZ2FtaW5nLXRheC1wb2xpdGljYWwtYmlhcy1pbi1wb2xpY3ktbWFraW5nLTEyMzc3MzkuaHRtbNIBZ2h0dHBzOi8vd3d3LmRlY2NhbmhlcmFsZC5jb20vYW1wL29waW5pb24vb25saW5lLWdhbWluZy10YXgtcG9saXRpY2FsLWJpYXMtaW4tcG9saWN5LW1ha2luZy0xMjM3NzM5Lmh0bWw?hl=en-IN&gl=IN&ceid=IN%3Aen,https://lh3.googleusercontent.com/proxy/nbAgx50gWBdWa66p8vY5c20hPVBGp8rvaK2i-_DRC5a-kqhQpWxRcH-c0bJ5trJG_IskMPMhWo-jcdpZI0LoInXeTWTRK4CMoxC1Me4x2uEwWB9p61JDQBZBYHTRgWnMkVSJN43hhXtTaii8NAE_Td7ZgHkqX210w3XBHm9mDWnHXu3x0hwx-cx8Hf0nU7O7R8y0OJ8pRgc98It_eg=s0-w280-h168-dcrVWQziUH,Yesterday
"ED Raids Premises Linked to Tamil Nadu Minister Ponmudy; 'Predictable Script,' Says Congress",https://news.google.com./articles/CCAiC2oxMl9OY2VHNFVzmAEB?hl=en-IN&gl=IN&ceid=IN%3Aen,https://lh3.googleusercontent.com/proxy/fW34Tt8E5k1op7i0du2p5vu-U_aVF9vXF9K3Ma-oLofFoyKVHSFJnF4K7vfUye9EOOMfZGHHOVvznnTcBlyEywkFlfGb9KOFJfDN2rn5KZdkiVJwyGA_5TqZfXCHt4hd-BL3i_vyd-I=s0-w280-h168-dcLTWSrqEI,1 hour ago
Supreme Court fixes Bilkis Bano’s case against remission to convicts on August 7,https://news.google.com./articles/CBMijgFodHRwczovL3d3dy5uZHR2LmNvbS90YW1pbC1uYWR1LW5ld3MvcHJvYmUtYWdlbmN5LXJhaWRzLXRhbWlsLW5hZHUtbWluaXN0ZXItay1wb25tdWR5LW1wLXNvbi1nYXV0aGFtLXNpZ2FtYW5pLWluLW1vbmV5LWxhdW5kZXJpbmctY2FzZS00MjEzNzI00gEA?hl=en-IN&gl=IN&ceid=IN%3Aen,https://lh3.googleusercontent.com/proxy/M1ENNaOgCJiRJkpSO4QJPO6mTy4w-PTJ0ccIn3DrEgVMJlUYZ5j1I-3-5Ox4uDgkjxzVF9tQgGhGzj4YiTayLNCXDzCkPzfF2X1eIqwZYkgfUBiv5pJBPp10RG4lN7u8w_JaF6C6dDDf6ZWBrH2qocWhC-WGIyPNtsvO6AEP4AEPEXC9C_Yko4WuxOXN6WnqiT4=s0-w280-h168-dcFSGGM7kF,20 hours ago
Naval Group working on qualifying DRDO-developed Air Independent Propulsion system for installation on Scorpenes,https://news.google.com./articles/CBMipAFodHRwczovL3d3dy5oaW5kdXN0YW50aW1lcy5jb20vaW5kaWEtbmV3cy9zdXByZW1lLWNvdXJ0LXRvLWhlYXItcGV0aXRpb25zLWFnYWluc3QtcmVsZWFzZS1vZi1nYW5nLXJhcGlzdHMtaW4tYmlsa2lzLWJhbm8tY2FzZS1kdXJpbmctMjAwMi1yaW90cy0xMDE2ODk2NDk5NTk5OTEuaHRtbNIBqAFodHRwczovL3d3dy5oaW5kdXN0YW50aW1lcy5jb20vaW5kaWEtbmV3cy9zdXByZW1lLWNvdXJ0LXRvLWhlYXItcGV0aXRpb25zLWFnYWluc3QtcmVsZWFzZS1vZi1nYW5nLXJhcGlzdHMtaW4tYmlsa2lzLWJhbm8tY2FzZS1kdXJpbmctMjAwMi1yaW90cy0xMDE2ODk2NDk5NTk5OTEtYW1wLmh0bWw?hl=en-IN&gl=IN&ceid=IN%3Aen,https://lh3.googleusercontent.com/proxy/gOmqVRqaSb_--kOr3w_1Ok2ep2pBd6NNtloJrFdWzkWffvJwgnVkLjC0_Lsda2JrQP_fEflDBOw8fQSeWH3TgmfrblkuA8TBChl0fuwjbzIgBypxNoMzzHja78iVUDVyXDSJEmapihW8PB9GSDDcC7s4YvmikFB6Sc6t=s0-w200-h112-dcDYCEdFgC,3 hours ago
Railway cops make tourists do sit-ups for walking to Doodhsagar falls along tracks,https://news.google.com./articles/CBMijwFodHRwczovL3d3dy5tb25leWNvbnRyb2wuY29tL25ld3MvYnVzaW5lc3MvbW9kaS1tYWNyb24tbWVldC1wYXZlcy13YXktZm9yLWluZGlhbi1zcGFjZS10ZWNoLXN0YXJ0dXBzLXRvLXRlYW0tdXAtd2l0aC1mcmVuY2gtcGVlcnMtMTA5NzA1NDEuaHRtbNIBAA?hl=en-IN&gl=IN&ceid=IN%3Aen,https://lh3.googleusercontent.com/proxy/of9w2o5f00ZUuBrv6Xcl-8z_YtuQUw-vDdoJp90FQtiqefBmqUPgnHOhIGyiD--C-mwTQrugE9xGgzJOFWtQsbJl8td-aWYyNVvZ7HXAYlk3V53iN4rybekiRUxIc8DR8OiOIQbYvAjqVk2tM8F9WHb7rCS5uMQxlkhBykuIJTlu_yA3T-zcl4CIaoXEOz25P3ma7b1ui_fr-7Inc59hSUo=s0-w280-h168-dcJWWArjEF,Yesterday
"Weather update: IMD issues rainfall warning in Delhi-NCR, orange alert in these states as Yamuna water level",https://news.google.com./articles/CBMigQFodHRwczovL3d3dy5uZXdzMTguY29tL3ZpcmFsL3Nob2NraW5nLXZpZGVvLXNob3dzLWh1Z2UtY3Jvd2RzLWZsb2NraW5nLW9uLXJhaWx3YXktdHJhY2tzLW5lYXItZHVkaHNhZ2FyLWZhbGxzLWluLWdvYS04MzU2MTExLmh0bWzSAYUBaHR0cHM6Ly93d3cubmV3czE4LmNvbS9hbXAvdmlyYWwvc2hvY2tpbmctdmlkZW8tc2hvd3MtaHVnZS1jcm93ZHMtZmxvY2tpbmctb24tcmFpbHdheS10cmFja3MtbmVhci1kdWRoc2FnYXItZmFsbHMtaW4tZ29hLTgzNTYxMTEuaHRtbA?hl=en-IN&gl=IN&ceid=IN%3Aen,https://lh3.googleusercontent.com/proxy/3a8NZ7XmzS-hpRRaiv0KsyiVpS_Jgrpk4HKKABAD7hB2Y6sISgsR_HNotYQFgQiQTa3w8F9hQMiK_LhgVpMXS8VPtKV7d8Z-1YPZE5RIdcrp0szRPNoSMFX0e54Gjr3fUR1-HAUzIWvarR6Nm_4MMuy0z9hdgzW-v-Obbd9bV874Ho2ZT8I=s0-w280-h168-dcAWKIrSkH,20 hours ago
"CUET: Equi-percentile method for normalisation in use for decades, says UGC",https://news.google.com./articles/CBMicWh0dHBzOi8vd2VhdGhlci5jb20vZW4tSU4vaW5kaWEvbmV3cy9uZXdzLzIwMjMtMDctMTctd2VhdGhlci10b2RheS1qdWx5LTE3LWhlYXZ5LXJhaW5zLWluLXV0dGFyYWtoYW5kLW1haGFyYXNodHJh0gEA?hl=en-IN&gl=IN&ceid=IN%3Aen,https://lh3.googleusercontent.com/proxy/-q7b1fUYPx5nkmEK_dcSRFbByaXUBO9uMvOjUw_t4mhe-q8-zt6drfWqFhuZB_Kj0c62Q0g3x4pr63yEun4i76oiMve8XLXozv2g9gnwxVGD-IbBJjqQVIeYWblnI5cpZ6L_Hvn_oz6EU0-MphQh_b9lNWPdqBTUyygbfBY=s0-w280-h168-dcsQQA,Yesterday
"AP ECET Counselling 2023: Last day to register, apply here",https://news.google.com./articles/CBMimAFodHRwczovL3d3dy50aW1lc25vd25ld3MuY29tL2VkdWNhdGlvbi9jdWV0LXJlc3VsdC0yMDIzLXJhbmNoaXMta2h1c2hpLXNhcmF3Z2ktc2VjdXJlcy03OTktNjQtbWFya3Mtb3V0LW9mLTgwMC1jaGVjay1jdWV0LXRvcHBlcnMtbGlzdC1hcnRpY2xlLTEwMTc5OTk1NtIBnAFodHRwczovL3d3dy50aW1lc25vd25ld3MuY29tL2VkdWNhdGlvbi9jdWV0LXJlc3VsdC0yMDIzLXJhbmNoaXMta2h1c2hpLXNhcmF3Z2ktc2VjdXJlcy03OTktNjQtbWFya3Mtb3V0LW9mLTgwMC1jaGVjay1jdWV0LXRvcHBlcnMtbGlzdC1hcnRpY2xlLTEwMTc5OTk1Ni9hbXA?hl=en-IN&gl=IN&ceid=IN%3Aen,https://lh3.googleusercontent.com/proxy/C8WeNQGrhJengXws--ltrej_PztdLVKYcm7bLTRqO1TrX9IvnfKOEHQwmCvRyHO27cXbtfzHCORqTjOf0Ja8MTQl4-VqK0aujhe8jymSp7UW22s0KhG11zLPKq3Ol3d1_G0MsNjsh9KkRGHIu1B1hj_uG0ak-tj1rdU=s0-w280-h168-dcCWGMzCWoNc0B,2 days ago
ExplainSpeaking | #Tomato-nomics: Tomato prices are sky-high and yet the inflation rate of tomato prices is negative. Why?,https://news.google.com./articles/CBMiggFodHRwczovL3d3dy50ZWxlZ3JhcGhpbmRpYS5jb20vZWR1Z3JhcGgvbmV3cy91cC1uZWV0LXVnLWNvdW5zZWxsaW5nLTIwMjMtZGF0ZXMtd2lsbC1iZS1vdXQtc29vbi1jaGVjay10aGUtZGV0YWlscy1oZXJlL2NpZC8xOTUyODIz0gGGAWh0dHBzOi8vd3d3LnRlbGVncmFwaGluZGlhLmNvbS9hbXAvZWR1Z3JhcGgvbmV3cy91cC1uZWV0LXVnLWNvdW5zZWxsaW5nLTIwMjMtZGF0ZXMtd2lsbC1iZS1vdXQtc29vbi1jaGVjay10aGUtZGV0YWlscy1oZXJlL2NpZC8xOTUyODIz?hl=en-IN&gl=IN&ceid=IN%3Aen,https://lh3.googleusercontent.com/proxy/mw5mFvUJE5O1Qu8-asKNS0_al-puh_b46_oGp-4X5OgMgp7feL_bQ1JEn6vBq_GsRB7ydgpW7JSaK8SC0w6ZPpdVHPrTKF3ymPlKg8kZF1d-iWLNn5s7VM_9D87d7Xal8Z4-3FQCByvEOyV1XCmIwF8INPxpPBm4Gso=s0-w280-h168-dcmWSOyykG,1 hour ago
Two killed in 'blasts' on key bridge linking Russia-Crimea: What we know so far,https://news.google.com./articles/CBMiY2h0dHBzOi8vd3d3LmNuYmN0djE4LmNvbS9lY29ub215L3RvbWF0by1wcmljZXMtc3RlZXAtaGlrZS1hLW1ham9yLWNvbmNlcm4tcmJpLWJ1bGxldGluLTE3MjQ3NDQxLmh0bdIBZ2h0dHBzOi8vd3d3LmNuYmN0djE4LmNvbS9lY29ub215L3RvbWF0by1wcmljZXMtc3RlZXAtaGlrZS1hLW1ham9yLWNvbmNlcm4tcmJpLWJ1bGxldGluLTE3MjQ3NDQxLmh0bS9hbXA?hl=en-IN&gl=IN&ceid=IN%3Aen,https://lh3.googleusercontent.com/proxy/OC_ud9-0ZkY2OtK-AoGX5COTMXpLeiChxVoA_k0jf4YWaLb2a2KLQjN6awUbDemNJukLWXFxqlMEVJ2QWlCrqk8pJ7hJ3sFD4c1DHQAqKmcOVD5JWz8A3NEI7BW4QLlLhjLgsxU3h3Yq1BqNota7z3U=s0-w280-h168-dckQIe,1 hour ago
"Expert Explains: With PM Modi’s visit, how India-France ties might shape up with a new roadmap for 2047",https://news.google.com./articles/CCAiC2VQTVctRGhlWmo0mAEB?hl=en-IN&gl=IN&ceid=IN%3Aen,https://lh3.googleusercontent.com/proxy/pxXmho8sBSybr3wmTXdsCphysd9Eefuz1ZT8l1KJgzlNzupQ2bSO23CQdD8mM92meWemkNLRcve_lMxk8UqH66CsEvYySMBENASICraL7D2NwC6X=s0-w280-h168-dcgXKAYNcC,21 hours ago
"Watch: Drugs Worth Rs 2,400 Crore Destroyed, Amit Shah Oversees Virtually",https://news.google.com./articles/CBMiRGh0dHBzOi8vd3d3LnRyaWJ1bmVpbmRpYS5jb20vbmV3cy9lZGl0b3JpYWxzL3RoZS1mcmVuY2gtdGFuZ28tNTI2Mjk00gFCaHR0cHM6Ly9tLnRyaWJ1bmVpbmRpYS5jb20vbmV3cy9lZGl0b3JpYWxzL3RoZS1mcmVuY2gtdGFuZ28tNTI2Mjk0?hl=en-IN&gl=IN&ceid=IN%3Aen,https://lh3.googleusercontent.com/proxy/iLncSbhM-BxxIr9lXEfeV5Ti0lzqvdptfBjodfTmlUmFiozDX1ULuUVYN5zDnbN61CDpMKvZ14ebStkl0cRl21zkKCR9-SA_bmfrX27XwzXa7v9VVEer-9UQQR3UhhpenSMX7tQ6IveiDvrXPgpQkNF_SXXXOds2dY580J9dZts1AC7fADT5Cs7CT4qhtwmsqdgyYbw5uGPmpDLDYynnELlIlI6q1oY=s0-w280-h168-dcGVAI,Yesterday
How This Pune Farmer Earned Whopping Rs 2.8 Crore Just By Selling Tomatoes,https://news.google.com./articles/CCAiCzVFOGlVN2NfTnpBmAEB?hl=en-IN&gl=IN&ceid=IN%3Aen,https://lh3.googleusercontent.com/proxy/LYR6Fd_DLykk7WUxIKeviJ2G2LrnZRhiZhaxVwFj3YR7V2Qn-a39vTTf_Vy_ZXPhXKZo6-qfldYazn2eaMcDnjArrkbFXLqwE1gjLEaK4xTQg0AArBIS-UyFYa7uwFCsdpSSN4SJOYjq--U1BNaFEKA5ArUVZaJKCqlZaJPU6H26s2ANEWWRADY=s0-w280-h168-dcERCkppaqNOQC,21 hours ago
Himachal Pradesh floods: IMD issues alert for next 2 days; death toll climbs to 108 | Mint,https://news.google.com./articles/CBMiemh0dHBzOi8vemVlbmV3cy5pbmRpYS5jb20vaW5kaWEvY3JvcmVwYXRpLXRhbWF0YXJ3YWxhLXB1bmUtZmFybWVyLWVhcm5zLXJzLTItOC1jci1zZWxsaW5nLXRvbWF0b2VzLWluLWEtbW9udGgtMjYzNjQ4MC5odG1s0gF-aHR0cHM6Ly96ZWVuZXdzLmluZGlhLmNvbS9pbmRpYS9jcm9yZXBhdGktdGFtYXRhcndhbGEtcHVuZS1mYXJtZXItZWFybnMtcnMtMi04LWNyLXNlbGxpbmctdG9tYXRvZXMtaW4tYS1tb250aC0yNjM2NDgwLmh0bWwvYW1w?hl=en-IN&gl=IN&ceid=IN%3Aen,https://lh3.googleusercontent.com/proxy/-SaY5ZP9lgsKMt2_Mo37ZbKyDcSmjqUuPyHlI37KwBY_nH-xuEen8Tr3uZAfnIBSobKCBfxPkoQ-j8fJyseEsuG6GDzpbcEjMTq2WndzktsU5c6VEqYCaS19WNLuK_HF5gQuk6Tvrn3tykOol9T6tLlf5tUMJ6x9Uoroc7g=s0-w280-h168-dcDSSY6B0I,Yesterday
US working with India to make investment easier for energy transition: Yellen,https://news.google.com./articles/CCAiC3lxT3BDSkh3U1pRmAEB?hl=en-IN&gl=IN&ceid=IN%3Aen,https://lh3.googleusercontent.com/proxy/l_H1w6xukJu3Ac5N4zl-OkFj9akMigHu7huO1v7mvPBEgV_g6m7NIT6wdzEQ6BBm9H18j8PjnuyEix7cR7ZuJWukD_jQq-mGWmxEhJq4NAc3N_2UhIngVbLDWKtIwegtYqUrWLLN4-6LqtZWiC4W9x3h9TT-dHqi5wQyd9erlh5E_nJr5btlSMc2Slkn088=s0-w280-h168-dcIUeEK6YH,22 hours ago
Delhi floods: MCD schools in affected areas to remain closed till tomorrow. Check full list here | Mint,https://news.google.com./articles/CBMiaWh0dHBzOi8vd3d3LmxpdmVtaW50LmNvbS9uZXdzL2luZGlhL2luZGlhLXVzLXRvLXdvcmstb24tbWRicy1jbGltYXRlLWFjdGlvbi1pbmNsdXNpb24tMTE2ODk2MjAwMjcyMDguaHRtbNIBbWh0dHBzOi8vd3d3LmxpdmVtaW50LmNvbS9uZXdzL2luZGlhL2luZGlhLXVzLXRvLXdvcmstb24tbWRicy1jbGltYXRlLWFjdGlvbi1pbmNsdXNpb24vYW1wLTExNjg5NjIwMDI3MjA4Lmh0bWw?hl=en-IN&gl=IN&ceid=IN%3Aen,https://lh3.googleusercontent.com/proxy/gKZq6cQRDk1cQWzlGMmVneFkKIXcMfPLnBvvMTQTiXs3pdcUk01lIFJSULo_PbBEeQzxq2oSccl0ABUcbQdMDalqE86xQSJz9V73SU5JsXj7T9SK1w-fmdzJvpT7Ge2Bs3_G-DNW8AyTG-6j8m_n8MfC4ILM2QfkU8ydV58x3y-SySl2aXPVUCNok_mW=s0-w280-h168-dcARCMqRgJ,11 hours ago
Photography banned inside Kedarnath Temple; violators to face legal consequences,https://news.google.com./articles/CBMiamh0dHBzOi8vaW5kaWFuZXhwcmVzcy5jb20vYXJ0aWNsZS9jaXRpZXMvY2hhbmRpZ2FyaC9zY2hvb2xzLXJlb3Blbi1wdW5qYWItMTY0LTEyLWRpc3RyaWN0cy1jbG9zZWQtODg0NTIwMi_SAW9odHRwczovL2luZGlhbmV4cHJlc3MuY29tL2FydGljbGUvY2l0aWVzL2NoYW5kaWdhcmgvc2Nob29scy1yZW9wZW4tcHVuamFiLTE2NC0xMi1kaXN0cmljdHMtY2xvc2VkLTg4NDUyMDIvbGl0ZS8?hl=en-IN&gl=IN&ceid=IN%3Aen,https://lh3.googleusercontent.com/proxy/qDCg-i-XXQVfj-ImnIxol94mqZV1l-1YrAEy5smvaWbdFx_1pjPzEwdogXdd1CQV2V3NM1mXrSC5CG7ws05Q3qb9xN1MhR-jjRM3aVkhGfPVEnRMXz036_ddORf_UB0YiDQpZTLIhDY0pktjRAJNWAecoMLtm1cr3r_J505leQRhMAp_2RSDISY5dbkSm4QlBWrUc09976QcRtY0z1QPXBAg-UpAJqMYunlL8ljIziC4gtAdiw0CtrdfD67u25RTIEMzyAY2PO_5lbzu3g=s0-w280-h168-dckTGIKZ4I,3 hours ago
Manipur : Supreme Court Refuses To Interfere With HC Order On Internet Restoration; Allows StateTo...,https://news.google.com./articles/CBMihAFodHRwczovL3d3dy5uZHR2LmNvbS9pbmRpYS1uZXdzL3dlZWtzLWFmdGVyLXlvdXR1YmVyLXByb3Bvc2VkLXRvLWhlci1wYXJ0bmVyLXVzZS1vZi1tb2JpbGUtcGhvbmVzLWJhbm5lZC1pbi1rZWRhcm5hdGgtdGVtcGxlLTQyMTQxNDDSAYoBaHR0cHM6Ly93d3cubmR0di5jb20vaW5kaWEtbmV3cy93ZWVrcy1hZnRlci15b3V0dWJlci1wcm9wb3NlZC10by1oZXItcGFydG5lci11c2Utb2YtbW9iaWxlLXBob25lcy1iYW5uZWQtaW4ta2VkYXJuYXRoLXRlbXBsZS00MjE0MTQwL2FtcC8x?hl=en-IN&gl=IN&ceid=IN%3Aen,https://lh3.googleusercontent.com/proxy/NKDK7W-AI3akfbOmfYPDhuP08VjQPjGPscsP8RuktitT6DIzoMwPXONp2Ydyh0RPkojgrjg_zh28KlmhsGxGdv6OzXBpGjL0wXh4Xnid7RFiuvMMn7OdWP5nW6oz92S5b99Xh4U8lcyU9kuoivd_z0vf17nFu9vB9rVVdG8NivLx7DIQVbh9BHJsLRpLIfbnXg2PvAsWvuRrX6zjo0OCAM0j-cjzbw=s0-w280-h168-dcAWAc,23 hours ago
Thane-based law student loses Rs 2.42 lakh after she tries to earn money by liking YouTube videos,https://news.google.com./articles/CBMigQFodHRwczovL3RoZXdpcmUuaW4vc2VjdXJpdHkvd2F0Y2gtd2UtZ2l2ZS1wbS1tb2RpLTEwLWRheXMtdG8tY29tZS10by1tYW5pcHVyLXRvLWhlbHAtcmVzb2x2ZS10aGUtY29uZmxpY3QtaXQtaXMtaGlzLWR1dHktdG8tZG8tc2_SAY8BaHR0cHM6Ly9tLnRoZXdpcmUuaW4vYXJ0aWNsZS9zZWN1cml0eS93YXRjaC13ZS1naXZlLXBtLW1vZGktMTAtZGF5cy10by1jb21lLXRvLW1hbmlwdXItdG8taGVscC1yZXNvbHZlLXRoZS1jb25mbGljdC1pdC1pcy1oaXMtZHV0eS10by1kby1zby9hbXA?hl=en-IN&gl=IN&ceid=IN%3Aen,https://lh3.googleusercontent.com/proxy/oV-e4aZ6RZw8oUiODcpG9ZRYX3fBdjMZjraBXWi1qzXUKQPnMuaj8X7q9tBhL2WMJAqx_oqZfYL8XUnxn5OPXblS6NmlTvsDwDFTICVufObrh9DvEgYcx36HhzZzgU_1O7VfHyLTP4RX9PRUsf-quXPuEr-ECgRauJaeE-Trzi2C65ENE_98=s0-w280-h168-dcAZCAItgB,19 hours ago
"IMD forecasts heavy to very heavy rainfall in Telangana on Thursday, Friday",https://news.google.com./articles/CBMiV2h0dHBzOi8vd3d3Lm1vbmV5Y29udHJvbC5jb20vbmV3cy90cmVuZHMvYWktYmFzZWQtZGVlcGZha2UtY2FsbC1zdGF5LXNhZmUtMTA5NzgwODEuaHRtbNIBAA?hl=en-IN&gl=IN&ceid=IN%3Aen,https://lh3.googleusercontent.com/proxy/44SUBsAwcZQH2ABc7T-k0MeW2GjmzmgQ-ldDzS9AZ_X_lYerUB8YTXZkPjmG5U4JovPhKCHcO-cvJ9oHDXhX_sDjGArCTjyov2giTIKWrWWX5QU5431GbhVt7j8Wf7E5FTeX1l-NVp8=s0-w280-h168-dcgaGI1DgG,52 minutes ago
"""Breach Of Law"": Punjab Governor vs BS Mann Over Special Assembly Session",https://news.google.com./articles/CBMid2h0dHBzOi8vdGltZXNvZmluZGlhLmluZGlhdGltZXMuY29tL2NpdHkvaHlkZXJhYmFkL3llbGxvdy1hbGVydC1yYWlucy10by1pbnRlbnNpZnktZnJvbS10b2RheS9hcnRpY2xlc2hvdy8xMDE4NDAzMDEuY21z0gFyaHR0cHM6Ly9tLnRpbWVzb2ZpbmRpYS5jb20vY2l0eS9oeWRlcmFiYWQveWVsbG93LWFsZXJ0LXJhaW5zLXRvLWludGVuc2lmeS1mcm9tLXRvZGF5L2FtcF9hcnRpY2xlc2hvdy8xMDE4NDAzMDEuY21z?hl=en-IN&gl=IN&ceid=IN%3Aen,https://lh3.googleusercontent.com/proxy/IykIHxjIce3JiIgbIXgZQlT1duTrHU83Y7uDDEZ4XLUH5tmQ_0jA30ITAM4uiwH0oMRO1Pd0yXj6VYKysHGJ0f0rM5ge9OI2zb6Q018moICDVHr4DSedpd_Gs7n5p-05vzl-46UgLb1g3vnWLB5aHtGAeBHwfT6BcxBRkdJZOcu_laPetjC_cTPXH4VJYjyK8PhMlOSJjftWTYAXD-zMREPCi416aGeO04Wt=s0-w280-h168-dcFVOACNoB,5 hours ago
Trinamool Writes To Chief Justice Over Himanta Sarma's ''Miya'' Remark,https://news.google.com./articles/CBMiggFodHRwczovL3d3dy5pbmRpYXRvZGF5LmluL2luZGlhL3N0b3J5L3B1bmphYi1nb3Zlcm5vci1iYW53YXJpbGFsLXB1cm9oaXQtcXVlc3Rpb25zLWxlZ2FsaXR5LW9mLWFzc2VtYmx5LXNlc3Npb24tMjQwODAwNi0yMDIzLTA3LTE40gGGAWh0dHBzOi8vd3d3LmluZGlhdG9kYXkuaW4vYW1wL2luZGlhL3N0b3J5L3B1bmphYi1nb3Zlcm5vci1iYW53YXJpbGFsLXB1cm9oaXQtcXVlc3Rpb25zLWxlZ2FsaXR5LW9mLWFzc2VtYmx5LXNlc3Npb24tMjQwODAwNi0yMDIzLTA3LTE4?hl=en-IN&gl=IN&ceid=IN%3Aen,https://lh3.googleusercontent.com/proxy/S_B_MAVp5e3Dfb6_qarvxWaZ4XGAN6SkAvrSNMtrAkn7CA7Y0DcvZHIwWf8Ql-XPCoKbj2QzG9NwacZfuLb3AzDbRpQq0YTO_Elw7LAYD9td7vuIEeHdf8zVPaRR1PEu8W11=s0-w280-h168-dcAcOOCkIF,3 hours ago
Private capital a challenge for MDBs: NK Singh | Mint,https://news.google.com./articles/CBMiigFodHRwczovL3N3YXJhanlhbWFnLmNvbS9wb2xpdGljcy9tdWx0aXBsZS1jb21wbGFpbnRzLWxvZGdlZC1hZ2FpbnN0LWFzc2FtLWNtLWhpbWFudGEtYmlzd2Etc2FybWEtZm9yLWFsbGVnZWQtaGF0ZS1zcGVlY2gtb3Zlci1taXlhLXJlbWFya3PSAZYBaHR0cHM6Ly9zd2FyYWp5YW1hZy5jb20vYW1wL3N0b3J5L3BvbGl0aWNzJTJGbXVsdGlwbGUtY29tcGxhaW50cy1sb2RnZWQtYWdhaW5zdC1hc3NhbS1jbS1oaW1hbnRhLWJpc3dhLXNhcm1hLWZvci1hbGxlZ2VkLWhhdGUtc3BlZWNoLW92ZXItbWl5YS1yZW1hcmtz?hl=en-IN&gl=IN&ceid=IN%3Aen,https://lh3.googleusercontent.com/proxy/k_zLUlE_MEg6STaEIrlT5YZEOjOIU095C86yDq2-g6DAx3ziUSfiGIl-gVKlT4K0rBpkPgoQltqfZXUh5ktWfIqoTmoDZMGy1QTBAILrq_GcdZNaFpHMe8SUdOMPFf36GPBO-3IfJM4_XuWDHL6ERxZxZCDMmFFqp1HSM_RLr1e4fFeKOsX6fCfDEvu4GWHzB6Ch08KM7US0jh7IvhgQzdhd=s0-w280-h168-dcCSCSNRxqsYYC,3 hours ago
"Manali -Leh National Highway restored by BRO, 80 hours after devastation",https://news.google.com./articles/CBMiiAFodHRwczovL3RpbWVzb2ZpbmRpYS5pbmRpYXRpbWVzLmNvbS9jaXR5L2FobWVkYWJhZC91cy1zdGFuZC1vbi1kZXZlbG9wbWVudC1iYW5rcy1tYXktYm9vc3Qtc3VwcG9ydC1mb3ItcmVmb3Jtcy9hcnRpY2xlc2hvdy8xMDE4NDE5MjIuY21z0gGDAWh0dHBzOi8vbS50aW1lc29maW5kaWEuY29tL2NpdHkvYWhtZWRhYmFkL3VzLXN0YW5kLW9uLWRldmVsb3BtZW50LWJhbmtzLW1heS1ib29zdC1zdXBwb3J0LWZvci1yZWZvcm1zL2FtcF9hcnRpY2xlc2hvdy8xMDE4NDE5MjIuY21z?hl=en-IN&gl=IN&ceid=IN%3Aen,https://lh3.googleusercontent.com/proxy/IMe11YTMFVNyX3tagI_M_aYUQ7I9KmifMS_Gq58-AxSncQk5AGI7Vih1A76OstaxskSYO_PWIeeoT3qfMfVt3mSl6eEDiG73SdwlTSswCdmiCWmi8gLfoBZusC3h1ZA5E88aYuTUk8q7SqNCpD5KDIiOlQTFxtwPUdAAHuOxkQ=s0-w280-h168-dcgTOO7KEp4O0B,3 hours ago
Ten Opposition Leaders Move Supreme Court Against ECI's Draft Delimitation Proposal for Assam,https://news.google.com./articles/CCAiC2pCc2pickttMVlvmAEB?hl=en-IN&gl=IN&ceid=IN%3Aen,https://lh3.googleusercontent.com/proxy/hIzXHVfA8HlqFEc7igfuCar-9uFmBTFVmW4YxwbSpytAbbT-qA_zWJFE0HfOua8aBkg3uvEDrGVoB6ip4NXVRhlTqlqmayt06uvTcfpgX5MwJwyOsYa0fe0cbyx7Sy-5oXfgegM3XXQS=s0-w280-h168-dcKUaM7SEI,4 hours ago
J&K Admin Sacks 3 Employees Under Controversial Law; Activists Dub Move as 'Arbitrary',https://news.google.com./articles/CBMidmh0dHBzOi8vc2Nyb2xsLmluL2xhdGVzdC8xMDUyODA0L25pbmUtb3Bwb3NpdGlvbi1wYXJ0aWVzLWluLWFzc2FtLW1vdmUtc3VwcmVtZS1jb3VydC1hZ2FpbnN0LWVjcy1kZWxpbWl0YXRpb24tcHJvcG9zYWzSAXpodHRwczovL2FtcC5zY3JvbGwuaW4vbGF0ZXN0LzEwNTI4MDQvbmluZS1vcHBvc2l0aW9uLXBhcnRpZXMtaW4tYXNzYW0tbW92ZS1zdXByZW1lLWNvdXJ0LWFnYWluc3QtZWNzLWRlbGltaXRhdGlvbi1wcm9wb3NhbA?hl=en-IN&gl=IN&ceid=IN%3Aen,https://lh3.googleusercontent.com/proxy/weGHQ3_tTdT-hGooaIKodm5LvAv25jMYuiGnqpoqUWCudJFZ_KaqtuoYlQtf3Rpy8n3ub6NmYTqQjJYBLDdBdCmxHOhfL8rrxLs8MBVVIw=s0-w280-h168-p-df,14 hours ago
"Road to 2024: Open doors pay dividends for BJP, but some party cadre fear room is shrinking for them",https://news.google.com./articles/CCAiC1VkUFAxM3JtMW40mAEB?hl=en-IN&gl=IN&ceid=IN%3Aen,https://lh3.googleusercontent.com/proxy/fyJuOSbsH0MTtDajYY2jwAPwRwui6r_cyEgxGeQO6FiLQeQOkHF38BRIzt2aPwrHWfswoJTR688Y_nnXuaWKB6lMRg64QrAQEuI87xeMqW0gAU3Zlu86x7rGCrcNCt_6EwBu6BhY=s0-w280-h168-dcAYCKEb0F,16 hours ago
"Pakistan: 150-year-old Temple Managed by Madrasi Hindu Community Razed To Ground, Another Hindu Temple Attacked With Rocket Launchers",https://news.google.com./articles/CBMiigFodHRwczovL3RpbWVzb2ZpbmRpYS5pbmRpYXRpbWVzLmNvbS9pbmRpYS9leWUtb24tMjAyNC1ianBzLWRlZmVjdG9yLXN0cmF0ZWd5LXNob3VsZC1iZS1zZWVuLXRocm91Z2gtbGFyZ2VyLXByaXNtL2FydGljbGVzaG93LzEwMTc4NjIwMC5jbXPSAQA?hl=en-IN&gl=IN&ceid=IN%3Aen,https://lh3.googleusercontent.com/proxy/45axPJV3SGn5G_OZsV70DtgQ4L_YNHYI0x-XvjUKrW43A81xLb638LBIuiYVgC3oBCskSFEQO4ciPcIgGhTFSvTCTya4ZGAaqwe0R1F-TJyGev0liLYf_KAr5OiVP8qu7-2TnOISk-tCLKjTy4-cKwypZQJUL9Zmp_oLMUyzgRowOV-Or2qebP982LeOUikqsbwr=s0-w280-h168-dcNTWWjx0J,3 days ago
Talk Of 2024 Tie-Up With BJP Premature: Janata Dal Secular's HD Kumaraswamy,https://news.google.com./articles/CBMieWh0dHBzOi8vd3d3LmJ1c2luZXNzdG9kYXkuaW4vbGF0ZXN0L3N0b3J5L3Bha2lzdGFuLW92ZXItMTUwLXllYXItb2xkLWhpbmR1LXRlbXBsZS1kZW1vbGlzaGVkLWluLWthcmFjaGktMzkwMTAwLTIwMjMtMDctMTfSAX1odHRwczovL3d3dy5idXNpbmVzc3RvZGF5LmluL2FtcC9sYXRlc3Qvc3RvcnkvcGFraXN0YW4tb3Zlci0xNTAteWVhci1vbGQtaGluZHUtdGVtcGxlLWRlbW9saXNoZWQtaW4ta2FyYWNoaS0zOTAxMDAtMjAyMy0wNy0xNw?hl=en-IN&gl=IN&ceid=IN%3Aen,https://lh3.googleusercontent.com/proxy/0AjlTIC_OBAwmpAmcjEZz1hpxRleoyBqTsA8saEc4hrygqH5zD7k7GomFLIoqCpKwbCt4qHxrpQgowZ6vFLXXoLbY1Gruv7-vx5G4BsSzFFR4uo=s0-w280-h168-dcAUGER6InqbYA,12 hours ago
Shinde faction MLA opposes ‘any NCP leader’ as Buldhana Guardian minister,https://news.google.com./articles/CBMirgFodHRwczovL3d3dy5oaW5kdXN0YW50aW1lcy5jb20vaW5kaWEtbmV3cy9rYXJuYXRha2EtbWluaXN0ZXItbW9ja3MtYmpwLWZvci1kZWxheWluZy1hcHBvaW50bWVudC1vZi1sZWFkZXItb2Ytb3Bwb3NpdGlvbi11cmdlcy1ianAtbGVhZGVyLXRvLWpvaW4tY29uZ3Jlc3MtMTAxNjg5NjIxODY4NzIwLmh0bWzSAbIBaHR0cHM6Ly93d3cuaGluZHVzdGFudGltZXMuY29tL2luZGlhLW5ld3Mva2FybmF0YWthLW1pbmlzdGVyLW1vY2tzLWJqcC1mb3ItZGVsYXlpbmctYXBwb2ludG1lbnQtb2YtbGVhZGVyLW9mLW9wcG9zaXRpb24tdXJnZXMtYmpwLWxlYWRlci10by1qb2luLWNvbmdyZXNzLTEwMTY4OTYyMTg2ODcyMC1hbXAuaHRtbA?hl=en-IN&gl=IN&ceid=IN%3Aen,https://lh3.googleusercontent.com/proxy/hX3d6aeB4KT9WAac9SJUD-KZ58sd5OtA8EuX1vI4oyxuxQNNlsAO7Asi-tAxD409voX7ifGxGHmEaLinpVLk58bsSon_YycwaIYeOjgHZdN0IJTcvdRiRMtSbfsYprVk0ROSRq4p71GnM6JRtnXxOcY1jpEr9h_-wP9wbhWkultozQeJS6FIZLo6j4DAm3g62Z-d8VBgnhqENSqNqi5hvgl029pS6k1lOmQS=s0-w280-h168-dcAXKGLUEE,11 hours ago
Jailed Tamil Nadu Minister Shifted From Hospital In Chennai To Prison,https://news.google.com./articles/CBMihQFodHRwczovL2luZGlhbmV4cHJlc3MuY29tL2FydGljbGUvY2l0aWVzL211bWJhaS90aGlzLXdlZWstcG9ydGZvbGlvLWFsbG9jYXRpb24ta2V5LXBvcnRmb2xpb3MtbmNwLW1pbmlzdGVycy1hc3NlbWJseS1zZXNzaW9uLTg4NDE5OTkv0gGKAWh0dHBzOi8vaW5kaWFuZXhwcmVzcy5jb20vYXJ0aWNsZS9jaXRpZXMvbXVtYmFpL3RoaXMtd2Vlay1wb3J0Zm9saW8tYWxsb2NhdGlvbi1rZXktcG9ydGZvbGlvcy1uY3AtbWluaXN0ZXJzLWFzc2VtYmx5LXNlc3Npb24tODg0MTk5OS9saXRlLw?hl=en-IN&gl=IN&ceid=IN%3Aen,https://lh3.googleusercontent.com/proxy/-0cMaOW2_6hHt_-mxNPmRHKxKDvzqt_Ri0n1mKCleXE8ONWSyIr0x5yhyuxkCqFuZ1mCtcpNY0RGNXPeiCWvWYuyQPmzJ48RoVAdrNNzaggmWvrkmr-8g2zU0rLr9UCwgUU_SNgoFkju9P5V-HpC-xHiuyiW5sDqNg25=s0-w280-h168-dcIRSEzJEK,2 days ago
"Trade Setup for July 18: 20,000 in sight for the Nifty 50 as largecaps continue to lead the charge",https://news.google.com./articles/CBMiemh0dHBzOi8vdGltZXNvZmluZGlhLmluZGlhdGltZXMuY29tL2NpdHkvY2hlbm5haS9zZW50aGlsLWJhbGFqaS1sb2RnZWQtYXQtcHV6aGFsLXByaXNvbi1ob3NwaXRhbC9hcnRpY2xlc2hvdy8xMDE4NDA4MTcuY21z0gF1aHR0cHM6Ly9tLnRpbWVzb2ZpbmRpYS5jb20vY2l0eS9jaGVubmFpL3NlbnRoaWwtYmFsYWppLWxvZGdlZC1hdC1wdXpoYWwtcHJpc29uLWhvc3BpdGFsL2FtcF9hcnRpY2xlc2hvdy8xMDE4NDA4MTcuY21z?hl=en-IN&gl=IN&ceid=IN%3Aen,https://lh3.googleusercontent.com/proxy/9mrAIi6mx5wBMmRPQJpEpuL-_KJ7RZQQAy_isp6gnD4tWY-dpw2oHO-l0rtm1a2gQZoq-xwFixCNSQq2sFDR0R-EEdkSLh5Qw7tEA6TJRlpTSxmX2nbK-VGeZp0YGXoBJ_5nPdEh0f7rX0G4FBRSeFLg5BhsvkTlr3EjNuQnvgKTzVQsqGLXDyOZLj-Hh-N7BusY5xQ9ESaP13F_1F8=s0-w280-h168-dcrUOOcCUH,4 hours ago
"China's Foreign Minister Missing From Busy Diplomatic Schedule, Official Explanations Fuel Mystery",https://news.google.com./articles/CBMiZWh0dHBzOi8vd3d3LmJxcHJpbWUuY29tL21hcmtldHMvc3RvY2stbWFya2V0LXRvZGF5LWFsbC15b3UtbmVlZC10by1rbm93LWdvaW5nLWludG8tdHJhZGUtb24tanVseS0xOC0y0gFpaHR0cHM6Ly93d3cuYnFwcmltZS5jb20vYW1wL21hcmtldHMvc3RvY2stbWFya2V0LXRvZGF5LWFsbC15b3UtbmVlZC10by1rbm93LWdvaW5nLWludG8tdHJhZGUtb24tanVseS0xOC0y?hl=en-IN&gl=IN&ceid=IN%3Aen,https://lh3.googleusercontent.com/proxy/0cwel3dCxxVuHxmfYUGtCEc2_xqx3gjwg2r03_rAnjl6DqxR-uqVNTJkubk3Lay54il_6aqbC1TP1m1Y3_cmXmPAzK7XpRYbs0EyIxpWwrEeLA6NUAZCsLyuUsRBCaxIcdWJYa7uCqb7pmyF9okjK2JNiyY5K5h_084aW-MY0w=s0-w280-h168-dcnUaSKaII,6 hours ago
Minister Goyal announces sale of subsidised chana dal | Mint,https://news.google.com./articles/CBMikgFodHRwczovL3RpbWVzb2ZpbmRpYS5pbmRpYXRpbWVzLmNvbS93b3JsZC9jaGluYS9jaGluYS1mb3JlaWduLW1pbmlzdGVyLXFpbi1nYW5ncy1teXN0ZXJ5LWFic2VuY2UtZnVlbHMtYmxhY2stYm94LWNvbmNlcm4vYXJ0aWNsZXNob3cvMTAxODQ3MDI5LmNtc9IBjQFodHRwczovL20udGltZXNvZmluZGlhLmNvbS93b3JsZC9jaGluYS9jaGluYS1mb3JlaWduLW1pbmlzdGVyLXFpbi1nYW5ncy1teXN0ZXJ5LWFic2VuY2UtZnVlbHMtYmxhY2stYm94LWNvbmNlcm4vYW1wX2FydGljbGVzaG93LzEwMTg0NzAyOS5jbXM?hl=en-IN&gl=IN&ceid=IN%3Aen,https://lh3.googleusercontent.com/proxy/7h2AjiY75NvFeAFG3WdrgWHTQ3c5Ja_glVAGq-HnNww6Nzj9lbUiFqBE3ZTS060GIyYtSWmzOe3tdwNMV7FV7j-qxBmf87yM0saGhlh8utHpsfOAwZQLaiErwJ1Kt_MH7Y3Y_xiOJzK7T2Pe2fsEmF2QgwC1hDKRbFHQn6POE3CmQbMnNxotej3KXgWpIQON=s0-w280-h168-dckYGSCTEH,1 hour ago
IMD predicts more rain in next five days. These states to receive heavy downpour today | Mint,https://news.google.com./articles/CBMiqQFodHRwczovL3d3dy5oaW5kdXN0YW50aW1lcy5jb20vaW5kaWEtbmV3cy9nb3Zlcm5tZW50LWFubm91bmNlcy1zYWxlLW9mLWNoZWFwLWNoaWNrcGVhcy1zdWJzaWRpc2VkLXRvbWF0b2VzLXRvLWJhdHRsZS1oaWdoLWZvb2QtcHJpY2VzLWNvb2wtaW5mbGF0aW9uLTEwMTY4OTYyMTIxMzU2MC5odG1s0gGtAWh0dHBzOi8vd3d3LmhpbmR1c3RhbnRpbWVzLmNvbS9pbmRpYS1uZXdzL2dvdmVybm1lbnQtYW5ub3VuY2VzLXNhbGUtb2YtY2hlYXAtY2hpY2twZWFzLXN1YnNpZGlzZWQtdG9tYXRvZXMtdG8tYmF0dGxlLWhpZ2gtZm9vZC1wcmljZXMtY29vbC1pbmZsYXRpb24tMTAxNjg5NjIxMjEzNTYwLWFtcC5odG1s?hl=en-IN&gl=IN&ceid=IN%3Aen,https://lh3.googleusercontent.com/proxy/HE8yVntezsPe-1kwQEfIDV52kEFUJQCsGJiFTyKmABgt4sEONITG1tbRLVE-4xKngiFNKrcxFOygNTm-SedzPijh3mSk8cwmQ2lJwCpWlg=s0-w280-h168-p-df,11 hours ago
Delhi Traffic Alert! Avoid THESE routes due to bus breakdown | Mint,https://news.google.com./articles/CBMiiwFodHRwczovL3d3dy5pbmRpYXRvZGF5LmluL2luZGlhL3N0b3J5L2hlYXZ5LXJhaW5mYWxsLWFsZXJ0LWFjdGl2ZS1tb25zb29uLXBoYXNlLWhpbWFjaGFsLXV0dGFyYWtoYW5kLWRlbGhpLXJhaW4tZm9yZWNhc3QtMjQwNzk5MS0yMDIzLTA3LTE40gGPAWh0dHBzOi8vd3d3LmluZGlhdG9kYXkuaW4vYW1wL2luZGlhL3N0b3J5L2hlYXZ5LXJhaW5mYWxsLWFsZXJ0LWFjdGl2ZS1tb25zb29uLXBoYXNlLWhpbWFjaGFsLXV0dGFyYWtoYW5kLWRlbGhpLXJhaW4tZm9yZWNhc3QtMjQwNzk5MS0yMDIzLTA3LTE4?hl=en-IN&gl=IN&ceid=IN%3Aen,https://lh3.googleusercontent.com/proxy/z2Or-eJf0JTKWvYXwWCxBY6e18dMgKerwnswLGG4iMJHoMp5eOvgsy0N-GwqZDbCeUXOykMn06H9I98hFhNTp5eLZ43lz2cj5C-k3vURww=s0-w200-h112-p-df,3 hours ago
Naga Body Demands Action Against Meitei Groups for Killing of Naga Woman in Imphal East,https://news.google.com./articles/CBMibWh0dHBzOi8vaW5kaWFuZXhwcmVzcy5jb20vYXJ0aWNsZS9jaXRpZXMvZGVsaGkvaXRvLXJpbmctcm9hZC1mbG9vZC1kZWxoaS13YXRlcmxvZ2dpbmctd29yay1mcm9tLWhvbWUtODg0NDk4MC_SAXJodHRwczovL2luZGlhbmV4cHJlc3MuY29tL2FydGljbGUvY2l0aWVzL2RlbGhpL2l0by1yaW5nLXJvYWQtZmxvb2QtZGVsaGktd2F0ZXJsb2dnaW5nLXdvcmstZnJvbS1ob21lLTg4NDQ5ODAvbGl0ZS8?hl=en-IN&gl=IN&ceid=IN%3Aen,https://lh3.googleusercontent.com/proxy/TgGwEj8OF9tcxC-agNWYFlScMEdxqjiW3SSXqls2a_3t5bBEvz6yaFt-ToV7mqtBC1_H3fTqxvEQ9t5xbwbmP4-AWPlBEcIZwa3DBCxD_NeZLhv4SuiamubR3IeFpGrNZmYRAr0BcLZWtPJSWT0hoyZ7guGgUSrkrNfvvWbCYKf2f65Qs1r8-H7nozcn=s0-w280-h168-dcAQCC5JkiuEIb21o,6 hours ago
